{
  "cur_frame_quality": 18.257213036212782,
  "cur_avg_i_frame_psnr": 27.994160715623615,
  "cur_avg_p_frame_psnr": 23.25058742872251,
  "cur_avg_i_frame_bpp": 0.11343154357746243,
  "cur_avg_p_frame_bpp": 0.03891650417612658,
  "frame_num": 50
}