{
  "cur_frame_quality": 19.76400978005229,
  "cur_avg_i_frame_psnr": 26.556439878154016,
  "cur_avg_p_frame_psnr": 23.81598201278763,
  "cur_avg_i_frame_bpp": 0.17589992694556714,
  "cur_avg_p_frame_bpp": 0.014851343662788471,
  "frame_num": 50
}