{
  "cur_frame_quality": 26.38690660810884,
  "cur_avg_i_frame_psnr": 27.993459874198674,
  "cur_avg_p_frame_psnr": 25.21922274502785,
  "cur_avg_i_frame_bpp": 0.11342118280008436,
  "cur_avg_p_frame_bpp": 0.09316987138655451,
  "frame_num": 50
}