{
  "cur_frame_quality": 30.148575725801322,
  "cur_avg_i_frame_psnr": 27.93293422861418,
  "cur_avg_p_frame_psnr": 29.609407983026802,
  "cur_avg_i_frame_bpp": 0.11343154357746243,
  "cur_avg_p_frame_bpp": 0.01667400198057294,
  "frame_num": 50
}