{
  "cur_frame_quality": 22.97538329123291,
  "cur_avg_i_frame_psnr": 23.913840673063415,
  "cur_avg_p_frame_psnr": 24.482004581628548,
  "cur_avg_i_frame_bpp": 0.060826366487890485,
  "cur_avg_p_frame_bpp": 0.05156296599242422,
  "frame_num": 50
}