{
  "cur_frame_quality": 21.22865181670809,
  "cur_avg_i_frame_psnr": 31.129001327092027,
  "cur_avg_p_frame_psnr": 24.651579558605086,
  "cur_avg_i_frame_bpp": 0.3369792591780424,
  "cur_avg_p_frame_bpp": 0.06754860157767932,
  "frame_num": 50
}