{
  "cur_frame_quality": 19.174030340731626,
  "cur_avg_i_frame_psnr": 31.1554563962332,
  "cur_avg_p_frame_psnr": 24.218818914119847,
  "cur_avg_i_frame_bpp": 0.3369792591780424,
  "cur_avg_p_frame_bpp": 0.028137309911350408,
  "frame_num": 50
}