{
  "cur_frame_quality": 17.29754603689377,
  "cur_avg_i_frame_psnr": 27.994160715623615,
  "cur_avg_p_frame_psnr": 23.244111978725662,
  "cur_avg_i_frame_bpp": 0.11343154357746243,
  "cur_avg_p_frame_bpp": 0.03897388747168912,
  "frame_num": 50
}