{
  "cur_frame_quality": 26.36185345043094,
  "cur_avg_i_frame_psnr": 27.993460058816083,
  "cur_avg_p_frame_psnr": 25.256794973309233,
  "cur_avg_i_frame_bpp": 0.11343154357746243,
  "cur_avg_p_frame_bpp": 0.09299661111500528,
  "frame_num": 50
}