{
  "cur_frame_quality": 19.174033871402866,
  "cur_avg_i_frame_psnr": 31.1554563962332,
  "cur_avg_p_frame_psnr": 24.197649345834673,
  "cur_avg_i_frame_bpp": 0.3369792591780424,
  "cur_avg_p_frame_bpp": 0.028094330285158422,
  "frame_num": 50
}