{
  "cur_frame_quality": 26.35874572004671,
  "cur_avg_i_frame_psnr": 27.994160900241024,
  "cur_avg_p_frame_psnr": 25.27149344320494,
  "cur_avg_i_frame_bpp": 0.11342118280008436,
  "cur_avg_p_frame_bpp": 0.09311855344308748,
  "frame_num": 50
}