{
  "cur_frame_quality": 18.257213565711716,
  "cur_avg_i_frame_psnr": 27.994160900241024,
  "cur_avg_p_frame_psnr": 23.249705063195748,
  "cur_avg_i_frame_bpp": 0.11343154357746243,
  "cur_avg_p_frame_bpp": 0.0389172842933072,
  "frame_num": 50
}