{
  "cur_frame_quality": 22.16093411158592,
  "cur_avg_i_frame_psnr": 23.913840500812878,
  "cur_avg_p_frame_psnr": 23.008351476710075,
  "cur_avg_i_frame_bpp": 0.06082641938701272,
  "cur_avg_p_frame_bpp": 0.021604322352343136,
  "frame_num": 50
}